Frequency,Introducing Commits,Commits,% Buggy Commits,P-value
Job,1912,6130,0.311908646003,3.601384363953127176353061596376208497561e-24
Daily,41030,169071,0.242679111143,1.277687342026738497203975013712997386357e-29
Weekly,5287,17433,0.303275397235,7.341636836723966729419420934720046419803e-48
Monthly,3668,11562,0.317246151185,7.697609771903912943975912403469605394632e-52
Other,4064,15471,0.262685023593,0.01035818765802229974160734970756983809002
Single,629,2665,0.236022514071,0.01443914217397421123540955713277170939621
Overall,56590,222332,0.254529262544
