Frequency,Introducing Commits,Commits,% Buggy Commits,P-value
Job,0,0,0.0,0.0
Daily,7380,31012,0.237972397782,0.4363110334924266213905893651525191577587
Weekly,1,53,0.0188679245283,9.998968705520490636238952507782627576052e-6
Monthly,0,0,0.0,0.0
Other,7,32,0.21875,0.4978691312089382050934495188933454698206
Single,0,1,0.0,0.7624284519904817036817235020862426608801
Overall,7388,31098,0.23757154801
