Frequency,Introducing Commits,Commits,% Buggy Commits,P-value
Job,59,273,0.216117216117,0.3180098277327070787339145618459540461231
Daily,1972,9549,0.206513771076,0.203117389378472763642058687452138846463
Weekly,18,124,0.145161290323,0.0638825037355202530710737127864276250736
Monthly,14,123,0.113821138211,0.006627758488363059005641624355295291520549
Other,126,680,0.185294117647,0.1345030007450661697847458382117118536596
Single,11,86,0.127906976744,0.04950076502873216732691685216718030970477
Overall,2200,10835,0.203045685279
